{"cameraMode":{"drawMode":0,"name":"Shaded","section":"Shading Mode"},"sceneLighting":true,"audioPlay":false,"sceneViewState":{"m_AlwaysRefresh":false,"showFog":true,"showSkybox":true,"showFlares":true,"showImageEffects":true,"showParticleSystems":true,"showVisualEffectGraphs":true,"m_FxEnabled":true},"in2DMode":false,"pivot":{"x":167.39999389648438,"y":19.31892967224121,"z":110.30000305175781},"rotation":{"x":0.2726891338825226,"y":-0.14249789714813233,"z":0.040681660175323489,"w":0.9506763815879822},"size":9.690245628356934,"orthographic":false}