{"cameraMode":{"drawMode":0,"name":"Shaded","section":"Shading Mode"},"sceneLighting":true,"audioPlay":false,"sceneViewState":{"m_AlwaysRefresh":false,"showFog":true,"showSkybox":true,"showFlares":true,"showImageEffects":true,"showParticleSystems":true,"showVisualEffectGraphs":true,"m_FxEnabled":true},"in2DMode":false,"pivot":{"x":167.39999389648438,"y":19.299983978271486,"z":110.30000305175781},"rotation":{"x":0.20069468021392823,"y":0.18365447223186494,"z":-0.038601383566856387,"w":0.9615738391876221},"size":179.6385955810547,"orthographic":false}