{"cameraMode":{"drawMode":0,"name":"Shaded","section":"Shading Mode"},"sceneLighting":true,"audioPlay":false,"sceneViewState":{"m_AlwaysRefresh":false,"showFog":true,"showSkybox":true,"showFlares":true,"showImageEffects":true,"showParticleSystems":true,"showVisualEffectGraphs":true,"m_FxEnabled":true},"in2DMode":false,"pivot":{"x":193.07150268554688,"y":28.322187423706056,"z":123.96049499511719},"rotation":{"x":0.001402885071001947,"y":0.5394686460494995,"z":-0.0011667091166600586,"w":0.8420719504356384},"size":31.735258102416993,"orthographic":false}