{"cameraMode":{"drawMode":0,"name":"Shaded","section":"Shading Mode"},"sceneLighting":true,"audioPlay":false,"sceneViewState":{"m_AlwaysRefresh":false,"showFog":true,"showSkybox":true,"showFlares":true,"showImageEffects":true,"showParticleSystems":true,"showVisualEffectGraphs":true,"m_FxEnabled":true},"in2DMode":false,"pivot":{"x":175.61155700683595,"y":20.988140106201173,"z":118.42047119140625},"rotation":{"x":0.2802419662475586,"y":0.24669718742370606,"z":-0.07496136426925659,"w":0.9247093200683594},"size":16.208444595336915,"orthographic":false}