{"cameraMode":{"drawMode":0,"name":"Shaded","section":"Shading Mode"},"sceneLighting":true,"audioPlay":false,"sceneViewState":{"m_AlwaysRefresh":false,"showFog":true,"showSkybox":true,"showFlares":true,"showImageEffects":true,"showParticleSystems":true,"showVisualEffectGraphs":true,"m_FxEnabled":true},"in2DMode":false,"pivot":{"x":145.60305786132813,"y":-11.449909210205079,"z":205.30874633789063},"rotation":{"x":0.18636104464530946,"y":-0.21841266751289369,"z":0.042440228164196017,"w":0.9569864273071289},"size":58.400264739990237,"orthographic":false}